condition_hz,n_trials,positive_trials,positive_percent,mean_selectivity_db,median_selectivity_db,sd_selectivity_db,ci95_low_db,ci95_high_db,wilcoxon_W,wilcoxon_p_one_sided,sign_test_p_one_sided
9,19,18,94.73684210526316,5.824743803774673,6.5019840823835855,3.9186578216512964,3.93601119209764,7.713476415451707,186.0,1.33514404296875e-05,3.814697265625e-05
14,20,16,80.0,4.644382194408908,5.2868413576142235,4.724241676019907,2.433369030622253,6.855395358195563,192.0,0.00024127960205078125,0.005908966064453125
overall,39,34,87.17948717948718,5.219430157946075,5.93462168133842,4.334779311649857,3.81425725915558,6.62460305673657,740.0,1.5817931853234768e-08,1.2149539543315768e-06
